{
                                          "shuffle": true,
                                          "subset": null,
                                          "min_freq": 75,
                                          "lower": true,
                                          "stem": false,
                                          "analyzer": "char_wb",
                                          "ngram_max_range": 7,
                                          "alpha": 0.0001,
                                          "learning_rate": 0.6759523353234721,
                                          "num_epochs": 100,
                                          "power_t": 0.1646407153910158,
                                          "threshold": 0.675496463000651
}